Totales,sintomaticos,Casos totales,Fallecidos,Vacunados,Recuperados,Efectividad,Ac novac,Ac vac,Fallecidos novac,Fallecidos vac
2020-04-01,293,3030,16,0,234,0,3030,0,16,0
2020-04-02,373,3403,18,0,335,0,3403,0,18,0
2020-04-03,333,3736,22,0,427,0,3736,0,22,0
2020-04-04,424,4160,27,0,528,0,4160,0,27,0
2020-04-05,310,4470,34,0,617,0,4470,0,34,0
2020-04-06,344,4814,37,0,728,0,4814,0,37,0
2020-04-07,301,5115,43,0,898,0,5115,0,43,0
2020-04-08,430,5545,48,0,1115,0,5545,0,48,0
2020-04-09,426,5971,57,0,1274,0,5971,0,57,0
2020-04-10,529,6500,65,0,1571,0,6500,0,65,0
2020-04-11,426,6926,73,0,1864,0,6926,0,73,0
2020-04-12,286,7212,80,0,2059,0,7212,0,80,0
2020-04-13,312,7524,82,0,2367,0,7524,0,82,0
2020-04-14,392,7916,92,0,2646,0,7916,0,92,0
2020-04-15,356,8272,94,0,2937,0,8272,0,94,0
2020-04-16,534,8806,105,0,3299,0,8806,0,105,0
2020-04-17,445,9251,116,0,3621,0,9251,0,116,0
2020-04-18,478,9729,126,0,4035,0,9729,0,126,0
2020-04-19,358,10087,133,0,4338,0,10087,0,133,0
2020-04-20,419,10506,139,0,4676,0,10506,0,139,0
2020-04-21,325,10831,147,0,4969,0,10831,0,147,0
2020-04-22,464,11295,160,0,5386,0,11295,0,160,0
2020-04-23,516,11811,168,0,5804,0,11811,0,168,0
2020-04-24,494,12305,174,0,6327,0,12305,0,174,0
2020-04-25,552,12857,181,0,6746,0,12857,0,181,0
2020-04-26,473,13330,189,0,7024,0,13330,0,189,0
2020-04-27,482,13812,198,0,7327,0,13812,0,198,0
2020-04-28,552,14364,207,0,7710,0,14364,0,207,0
2020-04-29,520,14884,216,0,8057,0,14884,0,216,0
2020-04-30,780,15664,227,0,8580,0,15664,0,227,0
2020-05-01,882,16546,234,0,9018,0,16546,0,234,0
2020-05-02,1246,17792,247,0,9572,0,17792,0,247,0
2020-05-03,1112,18904,260,0,10041,0,18904,0,260,0
2020-05-04,876,19780,270,0,10415,0,19780,0,270,0
2020-05-05,1317,21097,275,0,10710,0,21097,0,275,0
2020-05-06,893,21990,281,0,11189,0,21990,0,281,0
2020-05-07,1343,23333,285,0,11664,0,23333,0,285,0
2020-05-08,1183,24516,294,0,12160,0,24516,0,294,0
2020-05-09,1004,25520,304,0,12667,0,25520,0,304,0
2020-05-10,1406,26926,312,0,13112,0,26926,0,312,0
2020-05-11,975,27901,323,0,13605,0,27901,0,323,0
2020-05-12,1479,29380,335,0,14125,0,29380,0,335,0
2020-05-13,2152,31532,346,0,14865,0,31532,0,346,0
2020-05-14,2301,33833,368,0,15655,0,33833,0,368,0
2020-05-15,2112,35945,394,0,16614,0,35945,0,394,0
2020-05-16,1573,37518,421,0,18014,0,37518,0,421,0
2020-05-17,2024,39542,450,0,19213,0,39542,0,450,0
2020-05-18,2018,41560,478,0,20165,0,41560,0,478,0
2020-05-19,3099,44659,509,0,21507,0,44659,0,509,0
2020-05-20,3647,48306,544,0,22504,0,48306,0,544,0
2020-05-21,3538,51844,589,0,23992,0,51844,0,589,0
2020-05-22,3863,55707,630,0,25342,0,55707,0,630,0
2020-05-23,3237,58944,673,0,26546,0,58944,0,673,0
2020-05-24,3343,62287,718,0,28148,0,62287,0,718,0
2020-05-25,4428,66715,761,0,29302,0,66715,0,761,0
2020-05-26,3618,70333,806,0,30915,0,70333,0,806,0
2020-05-27,3956,74289,841,0,33540,0,74289,0,841,0
2020-05-28,4128,78417,890,0,36115,0,78417,0,890,0
2020-05-29,3355,81772,944,0,38598,0,81772,0,944,0
2020-05-30,3736,85508,997,0,40431,0,85508,0,997,0
2020-05-31,4437,89945,1054,0,42727,0,89945,0,1054,0
2020-06-01,5082,95027,1113,0,44946,0,95027,0,1113,0
2020-06-02,3206,98233,1188,0,48391,0,98233,0,1188,0
2020-06-03,4537,102770,1275,0,52342,0,102770,0,1275,0
2020-06-04,4172,106942,1356,0,56225,0,106942,0,1356,0
2020-06-05,3790,110732,1448,0,60409,0,110732,0,1448,0
2020-06-06,4888,115620,1541,0,63852,0,115620,0,1541,0
2020-06-07,5760,121380,2190,0,66912,0,121380,0,2190,0
2020-06-08,4237,125617,2264,0,71733,0,125617,0,2264,0
2020-06-09,3587,129204,2283,0,75678,0,129204,0,2283,0
2020-06-10,5226,134430,2475,0,79814,0,134430,0,2475,0
2020-06-11,5089,139519,2648,0,84295,0,139519,0,2648,0
2020-06-12,6217,145736,2870,0,87768,0,145736,0,2870,0
2020-06-13,5969,151705,3101,0,91757,0,151705,0,3101,0
2020-06-14,6368,158073,3323,0,96365,0,158073,0,3323,0
2020-06-15,4660,162733,3362,0,101797,0,162733,0,3362,0
2020-06-16,4498,167231,3383,0,105303,0,167231,0,3383,0
2020-06-17,4320,171551,3615,0,141667,0,171551,0,3615,0
2020-06-18,4060,175611,3841,0,114451,0,175611,0,3841,0
2020-06-19,5016,180627,4093,0,118406,0,180627,0,4093,0
2020-06-20,4564,185191,4295,0,123450,0,185191,0,4295,0
2020-06-21,4181,189372,4479,0,129671,0,189372,0,4479,0
2020-06-22,3710,193082,4502,0,134344,0,193082,0,4502,0
2020-06-23,3078,196160,4505,0,138254,0,196160,0,4505,0
2020-06-24,3020,199180,4731,0,143765,0,199180,0,4731,0
2020-06-25,3778,202958,4903,0,149189,0,202958,0,4903,0
2020-06-26,3422,206380,5068,0,155778,0,206380,0,5068,0
2020-06-27,3481,209861,5347,0,162008,0,209861,0,5347,0
2020-06-28,3396,213257,5509,0,168784,0,213257,0,5509,0
2020-06-29,3092,216349,5575,0,173861,0,216349,0,5575,0
2020-06-30,2690,219039,5688,0,178761,0,219039,0,5688,0
2020-07-01,2134,221173,5753,0,214875,0,221173,0,5753,0
2020-07-02,2042,223215,5920,0,219183,0,223215,0,5920,0
2020-07-03,2703,225918,6051,0,225342,0,225918,0,6051,0
2020-07-04,2951,228869,6192,0,230556,0,228869,0,6192,0
2020-07-05,2852,231721,6308,0,236047,0,231721,0,6308,0
2020-07-06,2354,234075,6384,0,240579,0,234075,0,6384,0
2020-07-07,1946,236021,6434,0,244333,0,236021,0,6434,0
2020-07-08,1638,237659,6573,0,247843,0,237659,0,6573,0
2020-07-09,2395,240054,6682,0,252382,0,240054,0,6682,0
2020-07-10,2392,242446,6781,0,256579,0,242446,0,6781,0
2020-07-11,2219,244665,6881,0,260885,0,244665,0,6881,0
2020-07-12,2371,247036,6979,0,265003,0,247036,0,6979,0
2020-07-13,1985,249021,7024,0,268975,0,249021,0,7024,0
2020-07-14,1444,250465,7069,0,272324,0,250465,0,7069,0
2020-07-15,1400,251865,7186,0,274857,0,251865,0,7186,0
2020-07-16,1949,253814,7290,0,277251,0,253814,0,7290,0
2020-07-17,2125,255939,8347,0,279742,0,255939,0,8347,0
2020-07-18,1624,257563,8445,0,283402,0,257563,0,8445,0
2020-07-19,1615,259178,8503,0,287029,0,259178,0,8503,0
2020-07-20,1599,260777,8633,0,289924,0,260777,0,8633,0
2020-07-21,1342,262119,8677,0,292342,0,262119,0,8677,0
2020-07-22,1391,263510,8722,0,294361,0,263510,0,8722,0
2020-07-23,1841,265351,8838,0,297378,0,265351,0,8838,0
2020-07-24,2005,267356,8914,0,300360,0,267356,0,8914,0
2020-07-25,1752,269108,9020,0,303009,0,269108,0,9020,0
2020-07-26,1620,270728,9112,0,305929,0,270728,0,9112,0
2020-07-27,1475,272203,9187,0,308470,0,272203,0,9187,0
2020-07-28,1236,273439,9240,0,310253,0,273439,0,9240,0
2020-07-29,1294,274733,9278,0,311927,0,274733,0,9278,0
2020-07-30,1428,276161,9377,0,314321,0,276161,0,9377,0
2020-07-31,1540,277701,9457,0,317082,0,277701,0,9457,0
2020-08-01,1426,279127,9533,0,319313,0,279127,0,9533,0
2020-08-02,1482,280609,9608,0,321322,0,280609,0,9608,0
2020-08-03,1119,281728,9707,0,323322,0,281728,0,9707,0
2020-08-04,1049,282777,9745,0,324938,0,282777,0,9745,0
2020-08-05,1216,283993,9792,0,326610,0,283993,0,9792,0
2020-08-06,1383,285376,9889,0,328870,0,285376,0,9889,0
2020-08-07,1479,286855,9958,0,331346,0,286855,0,9958,0
2020-08-08,1511,288366,10011,0,333581,0,288366,0,10011,0
2020-08-09,1452,289818,10077,0,335713,0,289818,0,10077,0
2020-08-10,1319,291137,10139,0,337784,0,291137,0,10139,0
2020-08-11,1061,292198,10178,0,339622,0,292198,0,10178,0
2020-08-12,1071,293269,10205,0,341370,0,293269,0,10205,0
2020-08-13,1343,294612,10299,0,343237,0,294612,0,10299,0
2020-08-14,1396,296008,10340,0,345327,0,296008,0,10340,0
2020-08-15,1158,297166,10395,0,347263,0,297166,0,10395,0
2020-08-16,1383,298549,10452,0,349279,0,298549,0,10452,0
2020-08-17,1012,299561,10513,0,350980,0,299561,0,10513,0
2020-08-18,846,300407,10546,0,352416,0,300407,0,10546,0
2020-08-19,876,301283,10578,0,354145,0,301283,0,10578,0
2020-08-20,1265,302548,10671,0,356000,0,302548,0,10671,0
2020-08-21,1328,303876,10723,0,358102,0,303876,0,10723,0
2020-08-22,1267,305143,10792,0,360231,0,305143,0,10792,0
2020-08-23,1315,306458,10852,0,362204,0,306458,0,10852,0
2020-08-24,1265,307723,10916,0,364128,0,307723,0,10916,0
2020-08-25,887,308610,10958,0,365658,0,308610,0,10958,0
2020-08-26,993,309603,10990,0,367178,0,309603,0,10990,0
2020-08-27,1197,310800,11072,0,368962,0,310800,0,11072,0
2020-08-28,1227,312027,11132,0,370979,0,312027,0,11132,0
2020-08-29,1330,313357,11181,0,372721,0,313357,0,11181,0
2020-08-30,1277,314634,11244,0,374702,0,314634,0,11244,0
2020-08-31,1177,315811,11289,0,376213,0,315811,0,11289,0
2020-09-01,926,316737,11321,0,377534,0,316737,0,11321,0
2020-09-02,1114,317851,11344,0,378693,0,317851,0,11344,0
2020-09-03,1275,319126,11422,0,380427,0,319126,0,11422,0
2020-09-04,1319,320445,11494,0,382275,0,320445,0,11494,0
2020-09-05,1368,321813,11551,0,384157,0,321813,0,11551,0
2020-09-06,1364,323177,11592,0,386073,0,323177,0,11592,0
2020-09-07,1175,324352,11652,0,387916,0,324352,0,11652,0
2020-09-08,839,325191,11682,0,389303,0,325191,0,11682,0
2020-09-09,1048,326239,11702,0,390663,0,326239,0,11702,0
2020-09-10,1139,327378,11781,0,392321,0,327378,0,11781,0
2020-09-11,1304,328682,11850,0,394122,0,328682,0,11850,0
2020-09-12,1407,330089,11895,0,396114,0,330089,0,11895,0
2020-09-13,1413,331502,11949,0,398025,0,331502,0,11949,0
2020-09-14,1064,332566,12013,0,399713,0,332566,0,12013,0
2020-09-15,1025,333591,12040,0,401105,0,333591,0,12040,0
2020-09-16,918,334509,12058,0,402681,0,334509,0,12058,0
2020-09-17,1283,335792,12142,0,404359,0,335792,0,12142,0
2020-09-18,1097,336889,12199,0,406270,0,336889,0,12199,0
2020-09-19,1230,338119,12254,0,408180,0,338119,0,12254,0
2020-09-20,1048,339167,12286,0,410224,0,339167,0,12286,0
2020-09-21,832,339999,12298,0,411976,0,339999,0,12298,0
2020-09-22,814,340813,12321,0,413220,0,340813,0,12321,0
2020-09-23,1016,341829,12345,0,414682,0,341829,0,12345,0
2020-09-24,1282,343111,12469,0,416200,0,343111,0,12469,0
2020-09-25,1475,344586,12527,0,418008,0,344586,0,12527,0
2020-09-26,1458,346044,12591,0,420075,0,346044,0,12591,0
2020-09-27,1233,347277,12641,0,422107,0,347277,0,12641,0
2020-09-28,1112,348389,12698,0,423735,0,348389,0,12698,0
2020-09-29,1036,349425,12725,0,425258,0,349425,0,12725,0
2020-09-30,1185,350610,12741,0,426546,0,350610,0,12741,0
2020-10-01,1198,351808,12822,0,428328,0,351808,0,12822,0
2020-10-02,1208,353016,12867,0,429960,0,353016,0,12867,0
2020-10-03,1184,354200,12919,0,431755,0,354200,0,12919,0
2020-10-04,1016,355216,12979,0,433295,0,355216,0,12979,0
2020-10-05,984,356200,13037,0,434431,0,356200,0,13037,0
2020-10-06,1019,357219,13070,0,435453,0,357219,0,13070,0
2020-10-07,803,358022,13090,0,436813,0,358022,0,13090,0
2020-10-08,1104,359126,13167,0,438467,0,359126,0,13167,0
2020-10-09,1228,360354,13220,0,440648,0,360354,0,13220,0
2020-10-10,1200,361554,13272,0,442707,0,361554,0,13272,0
2020-10-11,1132,362686,13318,0,444583,0,362686,0,13318,0
2020-10-12,941,363627,13379,0,446292,0,363627,0,13379,0
2020-10-13,898,364525,13396,0,447904,0,364525,0,13396,0
2020-10-14,822,365347,13415,0,449576,0,365347,0,13415,0
2020-10-15,889,366236,13434,0,451316,0,366236,0,13434,0
2020-10-16,1141,367377,13529,0,453061,0,367377,0,13529,0
2020-10-17,1189,368566,13588,0,454883,0,368566,0,13588,0
2020-10-18,1149,369715,13635,0,456544,0,369715,0,13635,0
2020-10-19,1034,370749,13676,0,458070,0,370749,0,13676,0
2020-10-20,726,371475,13702,0,459604,0,371475,0,13702,0
2020-10-21,830,372305,13719,0,460721,0,372305,0,13719,0
2020-10-22,1030,373335,13792,0,462224,0,373335,0,13792,0
2020-10-23,1160,374495,13844,0,463925,0,374495,0,13844,0
2020-10-24,1121,375616,13892,0,465703,0,375616,0,13892,0
2020-10-25,1026,376642,13944,0,467427,0,376642,0,13944,0
2020-10-26,1010,377652,14003,0,468885,0,377652,0,14003,0
2020-10-27,569,378221,14026,0,470254,0,378221,0,14026,0
2020-10-28,738,378959,14032,0,471340,0,378959,0,14032,0
2020-10-29,1064,380023,14118,0,472378,0,380023,0,14118,0
2020-10-30,965,380988,14158,0,474032,0,380988,0,14158,0
2020-10-31,1077,382065,14207,0,475796,0,382065,0,14207,0
2020-11-01,1031,383096,14247,0,477513,0,383096,0,14247,0
2020-11-02,824,383920,14302,0,479003,0,383920,0,14302,0
2020-11-03,688,384608,14319,0,480159,0,384608,0,14319,0
2020-11-04,633,385241,14340,0,481297,0,385241,0,14340,0
2020-11-05,1044,386285,14404,0,482727,0,386285,0,14404,0
2020-11-06,1145,387430,14450,0,484456,0,387430,0,14450,0
2020-11-07,1026,388456,14499,0,486043,0,388456,0,14499,0
2020-11-08,1058,389514,14543,0,487520,0,389514,0,14543,0
2020-11-09,836,390350,14588,0,489010,0,390350,0,14588,0
2020-11-10,687,391037,14611,0,489914,0,391037,0,14611,0
2020-11-11,636,391673,14633,0,490897,0,391673,0,14633,0
2020-11-12,1145,392818,14699,0,492351,0,392818,0,14699,0
2020-11-13,1012,393830,14738,0,493833,0,393830,0,14738,0
2020-11-14,1093,394923,14777,0,495479,0,394923,0,14777,0
2020-11-15,1029,395952,14819,0,497045,0,395952,0,14819,0
2020-11-16,848,396800,14863,0,498325,0,396800,0,14863,0
2020-11-17,656,397456,14883,0,499319,0,397456,0,14883,0
2020-11-18,697,398153,14897,0,500145,0,398153,0,14897,0
2020-11-19,1051,399204,14955,0,501627,0,399204,0,14955,0
2020-11-20,1071,400275,15003,0,503387,0,400275,0,15003,0
2020-11-21,1019,401294,15030,0,504947,0,401294,0,15030,0
2020-11-22,961,402255,15069,0,506489,0,402255,0,15069,0
2020-11-23,903,403158,15106,0,507773,0,403158,0,15106,0
2020-11-24,702,403860,15131,0,508776,0,403860,0,15131,0
2020-11-25,780,404640,15138,0,509666,0,404640,0,15138,0
2020-11-26,1082,405722,15235,0,511203,0,405722,0,15235,0
2020-11-27,1014,406736,15278,0,512752,0,406736,0,15278,0
2020-11-28,1133,407869,15322,0,514354,0,407869,0,15322,0
2020-11-29,993,408862,15356,0,515917,0,408862,0,15356,0
2020-11-30,884,409746,15410,0,517194,0,409746,0,15410,0
2020-12-01,747,410493,15430,0,518180,0,410493,0,15430,0
2020-12-02,773,411266,15438,0,519120,0,411266,0,15438,0
2020-12-03,1079,412345,15519,0,520493,0,412345,0,15519,0
2020-12-04,1155,413500,15558,0,522027,0,413500,0,15558,0
2020-12-05,1014,414514,15592,0,523551,0,414514,0,15592,0
2020-12-06,1078,415592,15628,0,525012,0,415592,0,15628,0
2020-12-07,1132,416724,15663,0,526417,0,416724,0,15663,0
2020-12-08,958,417682,15680,0,527407,0,417682,0,15680,0
2020-12-09,945,418627,15690,0,528402,0,418627,0,15690,0
2020-12-10,1128,419755,15774,0,529888,0,419755,0,15774,0
2020-12-11,1112,420867,15782,0,531441,0,420867,0,15782,0
2020-12-12,1281,422148,15846,0,533095,0,422148,0,15846,0
2020-12-13,1427,423575,15886,0,534544,0,423575,0,15886,0
2020-12-14,1243,424818,15931,0,535812,0,424818,0,15931,0
2020-12-15,1064,425882,15949,0,536915,0,425882,0,15949,0
2020-12-16,1052,426934,15959,0,537939,0,426934,0,15959,0
2020-12-17,1414,428348,16007,0,539399,0,428348,0,16007,0
2020-12-18,1551,429899,16051,0,541084,0,429899,0,16051,0
2020-12-19,1517,431416,16101,0,542567,0,431416,0,16101,0
2020-12-20,1411,432827,16154,0,544228,0,432827,0,16154,0
2020-12-21,1276,434103,16197,0,545945,0,434103,0,16197,0
2020-12-22,1086,435189,16217,0,547317,0,435189,0,16217,0
2020-12-23,1281,436470,16228,0,548550,0,436470,0,16228,0
2020-12-24,1598,438068,16303,0,550137,0,438068,0,16303,0
2020-12-25,1597,439665,16358,0,551616,0,439665,0,16358,0
2020-12-26,1618,441283,16404,0,553377,0,441283,0,16404,0
2020-12-27,1105,442388,16443,0,555476,0,442388,0,16443,0
2020-12-28,1395,443783,16443,0,557387,0,443783,0,16443,0
2020-12-29,1410,445193,16488,0,558841,0,445193,0,16488,0
2020-12-30,1554,446747,16499,0,560232,0,446747,0,16499,0
2020-12-31,2036,448783,16608,0,562124,0,448783,0,16608,0
2021-01-01,2321,451104,16660,0,564475,0,451104,0,16660,0
2021-01-02,2055,453159,16724,0,566630,0,453159,0,16724,0
2021-01-03,1492,454651,16767,0,568778,0,457087.5714,0,16727.5714,0
2021-01-04,1751,456402,16767,0,570721,0,461016.1429,0,16731.14283,0
2021-01-05,1885,458287,16788,0,572401,0,464944.7143,0,16734.71426,0
2021-01-06,1896,460183,16816,0,574098,0,468873.2857,0,16738.28569,0
2021-01-07,2614,462797,16913,0,576397,0,472797.6939,0,16743.3265,0
2021-01-08,2685,465482,16974,0,578857,0,476717.9388,0,16749.83671,0
2021-01-09,2762,468244,17037,0,581357,0,480634.0204,0,16757.8163,0
2021-01-10,2663,470907,17096,0,583009,0,484545.9388,0,16767.26528,0
2021-01-11,2451,473358,17162,0,584866,0,488453.6939,0,16778.18364,0
2021-01-12,2043,475401,17182,0,586804,0,492357.2857,0,16790.5714,0
2021-01-13,2328,477729,17204,1032,588746,0,496256.7143,0,16804.42854,0
2021-01-14,2725,480454,17294,5828,591679,0,500170.2041,0.020408163,16820.99997,0
2021-01-15,2899,483353,17369,8302,595195,0,504097.7551,0.06122449,16840.28569,0
2021-01-16,2677,486030,17435,8369,598467,0,508039.3673,0.12244898,16862.28569,0
2021-01-17,2777,488807,17477,8369,600714,0,511995.0408,0.204081633,16886.99997,0
2021-01-18,2430,491237,17547,8369,603094,0,515964.7755,0.306122449,16914.42854,0
2021-01-19,2283,493520,17573,8370,605528,0,519948.5714,0.428571429,16944.5714,0
2021-01-20,2468,495988,17594,8370,607889,0,523946.4286,0.571428571,16977.42854,0
2021-01-21,3049,499037,17702,8370,611474,0,527879.9184,0.693877551,17012.51018,0
2021-01-22,3296,502333,17786,8374,615595,0,531749.0408,0.795918367,17049.8163,0
2021-01-23,2760,505093,17854,8374,619888,0,535553.7959,0.87755102,17089.34691,0
2021-01-24,2822,507915,17933,8374,623990,0,539294.1837,0.93877551,17131.10201,0
2021-01-25,2534,510449,17999,9777,627893,0,542970.2041,0.979591837,17175.0816,0
2021-01-26,2054,512503,18023,10372,631112,0,546581.8571,1,17221.28569,0
2021-01-27,2423,514926,18040,10406,634485,0,550129.1429,1,17269.71426,0
2021-01-28,2896,517822,18174,10406,638538,0,553651.1633,1,17319.61222,0
2021-01-29,2941,520763,18257,10411,642923,1,557147.9184,1,17370.97956,0
2021-01-30,2622,523385,18339,10411,647154,1,560619.4082,1,17423.8163,0
2021-01-31,2628,526013,18452,10411,651380,1,564065.6327,1,17478.12242,0
2021-02-01,2278,528291,18537,10411,655213,1,567486.5918,1,17533.89793,0
2021-02-02,2015,530306,18559,10417,658592,1,570882.2857,1,17591.14283,0
2021-02-03,1828,532134,18576,10417,662164,1,574252.7143,1,17649.85711,0
2021-02-04,2456,534590,18731,12525,666376,1,577618.551,1.183673469,17708.73467,0
2021-02-05,2445,537035,18808,13195,671258,1,580979.7959,1.551020408,17767.77548,0
2021-02-06,2616,539651,18895,13200,675752,1,584336.449,2.102040816,17826.97956,0
2021-02-07,2411,542062,18974,13202,680136,1,587688.5102,2.836734694,17886.34691,0
2021-02-08,2191,544253,19056,24982,684122,0,591035.9796,3.755102041,17945.87752,0
2021-02-09,1911,546164,19084,44369,687416,0,594378.8571,4.857142857,18005.5714,0
2021-02-10,1792,547956,19105,52713,690783,0,597717.1429,6.142857143,18065.42854,0
2021-02-11,2600,550556,19262,55601,694881,0,601064.6327,7.448979592,18124.46936,0
2021-02-12,2756,553312,19345,55811,699404,0,604421.3265,8.775510204,18182.69385,0
2021-02-13,2537,555849,19443,55844,703457,0,607787.2245,10.12244898,18240.10201,0
2021-02-14,2502,558351,19541,55844,707568,0,611162.3265,11.48979592,18296.69385,0
2021-02-15,2172,560523,19624,55844,711264,0,614546.6327,12.87755102,18352.46936,0
2021-02-16,1782,562305,19644,55855,714391,0,617940.1429,14.28571429,18407.42854,0
2021-02-17,1779,564084,19659,55855,716986,0,621342.8571,15.71428571,18461.5714,0
2021-02-18,2596,566680,19798,55856,720439,0,624808.7755,17.28571429,18516.63262,0
2021-02-19,2470,569150,19897,55856,724122,1,628337.898,19,18572.61222,0
2021-02-20,2550,571700,19974,55856,728108,1,631930.2245,20.85714286,18629.51018,0
2021-02-21,2410,574110,20042,55856,731844,1,635585.7551,22.85714286,18687.3265,0
2021-02-22,2331,576441,20126,55878,735224,1,639304.4898,25,18746.0612,0
2021-02-23,1563,578004,20151,55918,738038,1,643086.4286,27.28571429,18805.71426,0
2021-02-24,1998,580002,20173,56092,740403,1,646931.5714,29.71428571,18866.28569,0
2021-02-25,2913,582915,20310,56237,743997,1,650892.7551,36.32653061,18927.0816,0
2021-02-26,3210,586125,20400,56355,748071,1,654969.9796,47.12244898,18988.10201,0
2021-02-27,3088,589213,20476,56359,751919,1,659163.2449,62.10204082,19049.34691,0
2021-02-28,2612,591825,20572,56359,755637,1,663472.551,81.26530612,19110.8163,0
2021-03-01,2732,594557,20660,56768,758881,1,667897.898,104.6122449,19172.51018,0
2021-03-02,1963,596520,20684,69184,761355,1,672439.2857,132.1428571,19234.42854,0
2021-03-03,2387,598907,20704,223266,763610,0,677096.7143,163.8571429,19296.5714,0
2021-03-04,3192,602099,20838,389108,767304,0,681823.551,220.9183673,19360.12242,0.040816327
2021-03-05,3671,605770,20928,550761,771011,0,686619.7959,303.3265306,19425.0816,0.12244898
2021-03-06,3508,609278,21008,574898,774837,0,691485.449,411.0816327,19491.44895,0.244897959
2021-03-07,3562,612840,21077,581797,778383,0,696420.5102,544.1836735,19559.22446,0.408163265
2021-03-08,3157,615997,21163,795855,781846,0,701424.9796,702.6326531,19628.40813,0.612244898
2021-03-09,2464,618461,21182,1033386,784135,0,706498.8571,886.4285714,19698.99997,0.857142857
2021-03-10,3024,621485,21206,1298940,786666,0,711642.1429,1095.571429,19770.99997,1.142857143
2021-03-11,3912,625397,21362,1544576,790982,0,716868.8776,1337.142857,19843.18364,1.775510204
2021-03-12,4123,629520,21451,1767714,795478,0,722179.0612,1611.142857,19915.55099,2.755102041
2021-03-13,4052,633572,21574,1793882,799844,0,727572.6939,1917.571429,19988.10201,4.081632653
2021-03-14,3911,637483,21674,1797719,803951,0,733049.7755,2256.428571,20060.83671,5.755102041
2021-03-15,3390,640873,21772,2070166,807998,0,738610.3061,2627.714286,20133.75507,7.775510204
2021-03-16,3303,644176,21789,2313818,810723,0,744254.2857,3031.428571,20206.85711,10.14285714
2021-03-17,3323,647499,21816,2529864,813736,0,749981.7143,3467.571429,20280.14283,12.85714286
2021-03-18,4391,651890,21988,2716026,818131,0,755765.1837,3921.714286,20353.59181,16.53061224
2021-03-19,4482,656372,22087,2870791,823363,0,761604.6939,4393.857143,20427.20405,21.16326531
2021-03-20,4711,661083,22180,2881807,828303,0,767500.2449,4884.00,20500.97956,26.75510204
2021-03-21,4590,665673,22279,2882978,833506,0,773451.8367,5392.142857,20574.91834,33.30612245
2021-03-22,4142,669815,22359,3005001,838174,0,779459.4694,5918.285714,20649.02038,40.81632653
2021-03-23,3532,673347,22384,3095614,841680,0,785523.1429,6462.428571,20723.28569,49.28571429
2021-03-24,3795,677142,22402,3160420,845547,0,791642.8571,7024.571429,20797.71426,58.71428571
2021-03-25,4971,682113,22524,3215653,850988,1,797741.3265,7593.755102,20872.22446,68.51020408
2021-03-26,5206,687319,22587,3266764,856898,1,803818.551,8169.979592,20946.8163,78.67346939
2021-03-27,5135,692454,22653,3269512,862726,1,809874.5306,8753.244898,21021.48977,89.20408163
2021-03-28,4787,697241,22754,3269935,868356,1,815909.2653,9343.55102,21096.24487,100.1020408
2021-03-29,4668,701909,23070,3385452,873161,1,821922.7551,9940.897959,21171.0816,111.3673469
2021-03-30,3427,705336,23107,3530162,877675,1,827915,10545.28571,21245.99997,123
2021-03-31,4581,709917,23135,3683410,882077,1,833886,11156.71429,21320.99997,135
2021-04-01,5292,715209,23328,3851960,888141,1,839853.4898,11790.12245,21396.04079,147.9591837
2021-04-02,5348,720557,23421,3857140,894632,1,845817.4694,12445.5102,21471.12242,161.877551
2021-04-03,5334,725891,23524,3858485,901565,1,851777.9388,13122.87755,21546.24487,176.755102
2021-04-04,4818,730709,23644,3858948,908295,1,857734.898,13822.22449,21621.40813,192.5918367
2021-04-05,4115,734824,23677,4063839,914417,1,863688.3469,14543.55102,21696.61222,209.3877551
2021-04-06,4010,738834,23734,4210509,919224,1,869638.2857,15286.85714,21771.85711,227.1428571
2021-04-07,4194,743028,23796,4348930,923987,1,875584.7143,16052.14286,21847.14283,245.8571429
2021-04-08,5653,748681,23979,4511744,930783,1,881448.4694,16836.59184,21922.28569,265.3673469
2021-04-09,6280,754961,24108,4659824,938213,1,887229.551,17640.20408,21997.28569,285.6734694
2021-04-10,5378,760339,24213,4674662,945700,1,892927.9592,18462.97959,22072.14283,306.7755102
2021-04-11,5162,765501,24346,4676018,952897,1,898543.6939,19304.91837,22146.85711,328.6734694
2021-04-12,4039,769540,24483,4834943,960001,1,904076.7551,20166.02041,22221.42854,351.3673469
2021-04-13,3867,773407,24518,4995273,964974,1,909527.1429,21046.28571,22295.85711,374.8571429
2021-04-14,4220,777627,24548,5145445,970990,1,914894.8571,21945.71429,22370.14283,399.1428571
2021-04-15,5171,782798,24766,5290341,978640,1,920183.7347,22856.22449,22443.73467,422.7142857
2021-04-16,4990,787788,24923,5426153,986562,1,925393.7755,23777.81633,22516.63262,445.5714286
2021-04-17,5167,792955,25055,5440539,994423,1,930524.9796,24710.4898,22588.83671,467.7142857
2021-04-18,4686,797641,25177,5442301,1001608,1,935577.3469,25654.2449,22660.34691,489.1428571
2021-04-19,4184,801825,25277,5593364,1007335,1,940550.8776,26609.08163,22731.16324,509.8571429
2021-04-20,3457,805282,25317,5743491,1012463,1,945445.5714,27575,22801.28569,529.8571429
2021-04-21,3716,808998,25353,5889943,1017669,1,950261.4286,28552,22870.71426,549.1428571
2021-04-22,4624,813622,25532,6034297,1025738,1,954979.5102,29528.69388,22938.93875,568.7959184
2021-04-23,5038,818660,25641,6178085,1034780,1,959599.8163,30505.08163,23005.95916,588.8163265
2021-04-24,4480,823140,25742,6190020,1042780,1,964122.3469,31481.16327,23071.77548,609.2040816
2021-04-25,4386,827526,25856,6190710,1050643,1,968547.102,32456.93878,23136.38773,629.9591837
2021-04-26,3854,831380,25975,6344347,1056945,1,972874.0816,33432.40816,23199.79589,651.0816327
2021-04-27,2863,834243,26020,6476865,1062690,1,977103.2857,34407.57143,23261.99997,672.5714286
2021-04-28,3370,837613,26073,6602506,1068194,1,981234.7143,35382.42857,23322.99997,694.4285714
2021-04-29,4738,842351,26247,6727049,1075451,1,985361.8776,36373.79592,23384.02038,716.3673469
2021-04-30,4842,847193,26353,6763983,1082958,1,989484.7755,37381.67347,23445.0612,738.3877551
2021-05-01,4285,851478,26457,6765191,1090891,1,993603.4082,38406.06122,23506.12242,760.4897959
2021-05-02,4115,855593,26561,6765858,1098157,1,997717.7755,39446.95918,23567.20405,782.6734694
2021-05-03,3133,858726,26659,6841707,1104681,1,1001827.878,40504.36735,23628.30609,804.9387755
2021-05-04,2303,861029,26696,6930336,1109739,1,1005933.714,41578.28571,23689.42854,827.2857143
2021-05-05,2919,863948,26726,7023974,1114677,1,1010035.286,42668.71429,23750.5714,849.7142857
2021-05-06,4291,868239,26895,7100631,1121425,1,1014183.653,43791.69388,23810.44895,872.122449
2021-05-07,4554,872793,27004,7164515,1128898,1,1018378.816,44947.22449,23869.0612,894.5102041
2021-05-08,4251,877044,27101,7172723,1135710,1,1022620.776,46135.30612,23926.40813,916.877551
2021-05-09,3714,880758,27218,7173168,1142318,1,1026909.531,47355.93878,23982.48977,939.2244898
2021-05-10,3478,884236,27318,7243577,1148296,1,1031245.082,48609.12245,24037.30609,961.5510204
2021-05-11,2722,886958,27356,7328932,1152416,1,1035627.429,49894.85714,24090.85711,983.8571429
2021-05-12,3221,890179,27384,7407451,1156887,1,1040056.571,51213.14286,24143.14283,1006.142857
2021-05-13,4355,894534,27520,7468129,1163471,1,1044529.571,52563.63265,24195.73467,1029.408163
2021-05-14,4524,899058,27647,7524380,1170598,1,1049046.429,53946.32653,24248.63262,1053.653061
2021-05-15,4733,903791,27734,7524787,1177021,1,1053607.143,55361.22449,24301.83671,1078.877551
2021-05-16,4406,908197,27832,7524958,1183088,1,1058211.714,56808.32653,24355.34691,1105.081633
2021-05-17,3645,911842,27934,7572025,1187881,1,1062860.143,58287.63265,24409.16324,1132.265306
2021-05-18,2908,914750,27965,7619722,1191099,1,1067552.429,59799.14286,24463.28569,1160.428571
2021-05-19,3837,918587,27997,7660970,1194952,1,1072288.571,61342.85714,24517.71426,1189.571429
2021-05-20,5394,923981,28169,7724320,1201079,1,1077070.878,62927.55102,24572.95916,1218.938776
2021-05-21,5145,929126,28290,7725683,1207488,1,1081899.347,64553.22449,24629.02038,1248.530612
2021-05-22,5104,934230,28386,7731966,1213590,1,1086773.98,66219.87755,24685.89793,1278.346939
2021-05-23,4273,938503,28518,7732555,1218951,1,1091694.776,67927.5102,24743.59181,1308.387755
2021-05-24,3952,942455,28548,7793685,1224260,1,1096661.735,69676.12245,24802.10201,1338.653061
2021-05-25,3219,945674,28585,7850602,1227961,1,1101674.857,71465.71429,24861.42854,1369.142857
2021-05-26,4182,949856,28624,7898971,1231824,1,1106734.143,73296.28571,24921.5714,1399.857143
2021-05-27,5769,955625,28809,7935257,1237792,1,1111771.633,75164.04082,24981.14283,1431.795918
2021-05-28,5900,961525,28928,7976160,1244588,1,1116787.327,77068.97959,25040.14283,1464.959184
2021-05-29,5703,967228,29047,7981940,1251205,1,1121781.224,79011.10204,25098.5714,1499.346939
2021-05-30,5295,972523,29168,7982915,1257380,1,1126753.327,80990.40816,25156.42854,1534.959184
2021-05-31,4489,977012,29300,8042567,1262796,1,1131703.633,83006.89796,25213.71426,1571.795918
2021-06-01,3571,980583,29344,8114141,1266518,1,1136632.143,85060.57143,25270.42854,1609.857143
2021-06-02,4339,984922,29385,8185939,1271244,1,1141538.857,87151.42857,25326.5714,1649.142857
2021-06-03,5715,990637,29598,8254519,1278713,1,1146312.98,89251.69388,25383.18364,1688.857143
2021-06-04,5827,996464,29696,8322971,1286217,1,1150954.51,91361.36735,25440.26528,1729
2021-06-05,5959,1002423,29816,8336035,1293597,1,1155463.449,93480.44898,25497.8163,1769.571429
2021-06-06,5094,1007517,29937,8337264,1299981,1,1159839.796,95608.93878,25555.83671,1810.571429
2021-06-07,4459,1011976,30058,8437343,1305203,1,1164083.551,97746.83673,25614.3265,1852
2021-06-08,3863,1015839,30104,8541799,1309317,1,1168194.714,99894.14286,25673.28569,1893.857143
2021-06-09,4196,1020035,30141,8642141,1314477,1,1172173.286,102050.8571,25732.71426,1936.142857
2021-06-10,5396,1025431,30339,8735759,1322384,1,1175988.878,104176.8163,25792.14283,1978.693878
2021-06-11,5413,1030844,30472,8830084,1330909,1,1179641.49,106272.0204,25851.5714,2021.510204
2021-06-12,5143,1035987,30579,8839482,1339177,1,1183131.122,108336.4694,25910.99997,2064.591837
2021-06-13,4984,1040971,30707,8840077,1346800,1,1186457.776,110370.1633,25970.42854,2107.938776
2021-06-14,4012,1044983,30804,8952537,1353542,1,1189621.449,112373.102,26029.85711,2151.55102
2021-06-15,3213,1048196,30865,9074543,1358492,1,1192622.143,114345.2857,26089.28569,2195.428571
2021-06-16,3574,1051770,30922,9191931,1364051,1,1195459.857,116286.7143,26148.71426,2239.571429
2021-06-17,4620,1056390,31140,9301950,1371961,1,1198177.245,118173.7959,26207.75507,2283.816327
2021-06-18,4542,1060932,31259,9345367,1380087,1,1200774.306,120006.5306,26266.40813,2328.163265
2021-06-19,4224,1065156,31392,9365239,1388874,1,1203251.041,121784.9184,26324.67344,2372.612245
2021-06-20,3935,1069091,31513,9367386,1396443,1,1205607.449,123508.9592,26382.55099,2417.163265
2021-06-21,3452,1072543,31645,9379717,1403239,1,1207843.531,125178.6531,26440.04079,2461.816327
2021-06-22,2419,1074962,31690,9585173,1408727,1,1209959.286,126794,26497.14283,2506.571429
2021-06-23,2165,1077127,31746,9748859,1414024,1,1211954.714,128355,26553.85711,2551.428571
2021-06-24,2760,1079887,31797,9890027,1421681,1,1213854.327,129874.8571,26610.38773,2595.979592
2021-06-25,3933,1083820,32012,10012938,1429407,1,1215658.122,131353.5714,26666.73467,2640.22449
2021-06-26,3540,1087360,32163,10044667,1436829,1,1217366.102,132791.1429,26722.89793,2684.163265
2021-06-27,3032,1090392,32298,10048045,1444175,1,1218978.265,134187.5714,26778.87752,2727.795918
2021-06-28,2596,1092988,32454,10051180,1450209,1,1220494.612,135542.8571,26834.67344,2771.122449
2021-06-29,1827,1094815,32489,10228653,1454750,1,1221915.143,136857,26890.28569,2814.142857
2021-06-30,1676,1096491,32545,10362562,1459016,1,1223239.857,138130,26945.71426,2856.857143
2021-07-01,2033,1098524,32588,10444401,1465643,1,1224509.796,139371.7959,26999.61222,2898.55102
2021-07-02,2825,1101349,32809,10509233,1472192,1,1225724.959,140582.3878,27051.97956,2939.22449
2021-07-03,2659,1104008,32973,10528229,1478302,1,1226885.347,141761.7755,27102.8163,2978.877551
2021-07-04,2253,1106261,33103,10530331,1483915,1,1227990.959,142909.9592,27152.12242,3017.510204
2021-07-05,1803,1108064,33249,10626953,1488974,1,1229041.796,144026.9388,27199.89793,3055.122449
2021-07-06,1309,1109373,33288,10705815,1492375,1,1230037.857,145112.7143,27246.14283,3091.714286
2021-07-07,1437,1110810,33328,10789304,1495081,1,1230979.143,146167.2857,27290.85711,3127.285714
2021-07-08,2160,1112970,33514,10884003,1498358,1,1231870,147184.3878,27334.8163,3163.163265
2021-07-09,1882,1114852,33636,10968945,1503835,1,1232710.429,148164.0204,27378.02038,3199.346939
2021-07-10,1748,1116600,33767,10990768,1508875,1,1233500.429,149106.1837,27420.46936,3235.836735
2021-07-11,1442,1118042,33877,10993305,1513226,1,1234240,150010.8776,27462.16324,3272.632653
2021-07-12,1310,1119352,33980,11119707,1517157,1,1234929.143,150878.102,27503.10201,3309.734694
2021-07-13,910,1120262,34016,11220570,1519758,1,1235567.857,151707.8571,27543.28569,3347.142857
2021-07-14,966,1121228,34049,11325959,1521853,1,1236156.143,152500.1429,27582.71426,3384.857143
2021-07-15,1512,1122740,34207,11416451,1524350,1,1236724.939,153284,27620.79589,3421.367347
2021-07-16,1301,1124041,34309,11419050,1528304,1,1237274.245,154059.4286,27657.53058,3456.673469
2021-07-17,1148,1125189,34403,11432499,1532058,1,1237804.061,154826.4286,27692.91834,3490.77551
2021-07-18,881,1126070,34514,11433700,1535270,1,1238314.388,155585,27726.95916,3523.673469
2021-07-19,679,1126749,34539,11506736,1538069,1,1238805.224,156335.1429,27759.65303,3555.367347
2021-07-20,625,1127374,34569,11599185,1539896,1,1239276.571,157076.8571,27790.99997,3585.857143
2021-07-21,776,1128150,34611,11669255,1541725,1,1239728.429,157810.1429,27820.99997,3615.142857
2021-07-22,1273,1129423,34792,11710193,1544799,1,1240163.714,158526.8776,27850.24487,3644.346939
2021-07-23,1112,1130535,34875,11766883,1547516,1,1240582.429,159227.0612,27878.73467,3673.469388
2021-07-24,954,1131489,34958,11777029,1550202,1,1240984.571,159910.6939,27906.46936,3702.510204
2021-07-25,948,1132437,35026,11777878,1552452,1,1241370.143,160577.7755,27933.44895,3731.469388
2021-07-26,723,1133160,35119,11818218,1554504,1,1241739.143,161228.3061,27959.67344,3760.346939
2021-07-27,527,1133687,35151,11859212,1555736,1,1242091.571,161862.2857,27985.14283,3789.142857
2021-07-28,638,1134325,35176,11886777,1556954,1,1242427.429,162479.7143,28009.85711,3817.857143
2021-07-29,916,1135241,35295,11967932,1559201,1,1242752.327,163092.9184,28034.24487,3846.44898
2021-07-30,882,1136123,35366,12036026,1561183,1,1243066.265,163701.898,28058.30609,3874.918367
2021-07-31,762,1136885,35448,12046157,1563033,1,1243369.245,164306.6531,28082.04079,3903.265306
2021-08-01,756,1137641,35528,12046596,1564351,1,1243661.265,164907.1837,28105.44895,3931.489796
2021-08-02,584,1138225,35616,12070244,1565267,1,1243942.327,165503.4898,28128.53058,3959.591837
2021-08-03,395,1138620,35640,12095605,1566218,1,1244212.429,166095.5714,28151.28569,3987.571429
2021-08-04,505,1139125,35671,12155261,1567183,1,1244471.571,166683.4286,28173.71426,4015.428571
2021-08-05,863,1139988,35806,12198090,1568907,1,1244725.245,167258.8163,28195.02038,4042.857143
2021-08-06,738,1140726,35880,12229589,1570478,1,1244973.449,167821.7347,28215.20405,4069.857143
2021-08-07,602,1141328,35951,12230501,1571798,1,1245216.184,168372.1837,28234.26528,4096.428571
2021-08-08,452,1141780,36016,12230522,1573161,1,1245453.449,168910.1633,28252.20405,4122.571429
2021-08-09,557,1142337,36107,12251675,1574238,1,1245685.245,169435.6735,28269.02038,4148.285714
2021-08-10,309,1142646,36138,12271081,1574952,1,1245911.571,169948.7143,28284.71426,4173.571429
2021-08-11,430,1143076,36157,12388668,1575760,1,1246132.429,170449.2857,28299.28569,4198.428571
2021-08-12,744,1143820,36243,12467514,1577045,1,1246345.306,170940.5918,28313.71426,4223
2021-08-13,578,1144398,36287,12516312,1578342,1,1246550.204,171422.6327,28327.99997,4247.285714
2021-08-14,541,1144939,36331,12517312,1579440,1,1246747.122,171895.4082,28342.14283,4271.285714
2021-08-15,600,1145539,36380,12517494,1580562,1,1246936.061,172358.9184,28356.14283,4295
